,total,data,pde
0,1.5516646087169648,0.9317293256521225,0.6199352860450744
1,0.875876522064209,0.7427047073841095,0.13317181617021562
2,0.6615500628948212,0.6219382137060165,0.03961184909567237
3,0.5641280591487885,0.5378825843334198,0.02624547528102994
4,0.5105313450098038,0.48958552032709124,0.020945819187909366
5,0.482313996553421,0.4655082389712334,0.016805754322558642
