,total,data,pde
0,1.5516646087169648,0.9317293256521225,0.6199352860450744
1,0.875876522064209,0.7427047073841095,0.13317181617021562
2,0.6615500628948212,0.6219382137060165,0.03961184909567237
