,total,data,pde
0,1.5516646087169648,0.9317293256521225,0.6199352860450744
1,0.875876522064209,0.7427047073841095,0.13317181617021562
2,0.6615500628948212,0.6219382137060165,0.03961184909567237
3,0.5641280591487885,0.5378825843334198,0.02624547528102994
4,0.5105313450098038,0.48958552032709124,0.020945819187909366
5,0.482313996553421,0.4655082389712334,0.016805754322558642
6,0.4682552874088287,0.4537731111049652,0.01448217467404902
7,0.46142604351043703,0.4481908306479454,0.013235212955623864
8,0.45793081969022753,0.4455213636159897,0.012409456074237823
